{
    "ambientocclusion": false,
    "textures": {
        "particle": "block/iron_bars",
        "bars": "block/iron_bars"
    },
    "elements": [
		{
			"from": [ 7, 0, 2 ],
            "to": [ 9, 16, 4 ],
            "faces": {
                "down":  { "texture": "#bars" },
                "up":    { "texture": "#bars" },
                "north": { "texture": "#bars" },
                "south": { "texture": "#bars" },
                "west":  { "texture": "#bars" },
                "east":  { "texture": "#bars" }
            }
        },
        {   "from": [ 7, 2, 4 ],
            "to": [ 9, 4, 7 ],
            "faces": {
                "down":  { "texture": "#bars" },
                "up":    { "texture": "#bars" },
                "west":  { "uv": [ 9, 12, 12, 14 ], "texture": "#bars" },
                "east":  { "texture": "#bars" }
            }
        },
        {   "from": [ 7, 7, 0 ],
            "to": [ 9, 9, 2 ],
            "faces": {
                "down":  { "texture": "#bars" },
                "up":    { "texture": "#bars" },
                "north": { "texture": "#bars", "cullface": "north" },
                "west":  { "texture": "#bars" },
                "east":  { "texture": "#bars" }
            }
        }
    ]
}
