{
    "ambientocclusion": false,
    "textures": {
        "particle": "block/sugar_cane",
        "0": "block/sugar_cane"
    },
    "elements": [
        {   "from": [ -6.2, -11, 8 ],
            "to": [ 22.2, 19.1, 8],
            "rotation": { "origin": [ 8, 8, 8 ], "axis": "y", "angle": 45, "rescale": true },
            "shade": false,
            "faces": {
                "north": { "uv": [ 0, 0, 16, 16 ], "texture": "0", "tintindex": 0 },
                "south": { "uv": [ 0, 0, 16, 16 ], "texture": "0", "tintindex": 0 }
            }
        },
        {   "from": [ 8, -11, -6.2 ],
            "to": [ 8, 19.1, 22.2 ],
            "rotation": { "origin": [ 8, 8, 8 ], "axis": "y", "angle": 45, "rescale": true },
            "shade": false,
            "faces": {
                "west": { "uv": [ 0, 0, 16, 16 ], "texture": "0", "tintindex": 0 },
                "east": { "uv": [ 0, 0, 16, 16 ], "texture": "0", "tintindex": 0 }
            }
        }
    ]
}