{
    "overrides": [
        {
            "predicate": {
                "pulling": 0,
                "name": "/(?i)(.)*longbow(.)*/"
            },
            "model": "item/longbow"
        },
        {
            "predicate": {
                "pulling": 1,
                "name": "/(?i)(.)*longbow(.)*/"
            },
            "model": "item/longbow_pulling_0"
        },
        {
            "predicate": {
                "pulling": 1,
                "pull": 0.65,
                "name": "/(?i)(.)*longbow(.)*/"
            },
            "model": "item/longbow_pulling_1"
        },
        {
            "predicate": {
                "pulling": 1,
                "pull": 0.9,
                "name":"/(?i)(.)*longbow(.)*/"
            },
            "model": "item/longbow_pulling_2"
        },
        {
            "predicate": {
                "pulling": 0,
                "name": "/(?i)(.)*recurve(.)*/"
            },
            "model": "item/recurve"
        },
        {
            "predicate": {
                "pulling": 1,
                "name": "/(?i)(.)*recurve(.)*/"
            },
            "model": "item/recurve_pulling_0"
        },
        {
            "predicate": {
                "pulling": 1,
                "pull": 0.65,
                "name": "/(?i)(.)*recurve(.)*/"
            },
            "model": "item/recurve_pulling_1"
        },
        {
            "predicate": {
                "pulling": 1,
                "pull": 0.9,
                "name":"/(?i)(.)*recurve(.)*/"
            },
            "model": "item/recurve_pulling_2"
        },
        {
            "predicate": {
                "pulling": 0,
                "name": "/(?i)(.)*shortbow(.)*/"
            },
            "model": "item/shortbow"
        },
        {
            "predicate": {
                "pulling": 1,
                "name": "/(?i)(.)*shortbow(.)*/"
            },
            "model": "item/shortbow_pulling_0"
        },
        {
            "predicate": {
                "pulling": 1,
                "pull": 0.65,
                "name": "/(?i)(.)*shortbow(.)*/"
            },
            "model": "item/shortbow_pulling_1"
        },
        {
            "predicate": {
                "pulling": 1,
                "pull": 0.9,
                "name":"/(?i)(.)*shortbow(.)*/"
            },
            "model": "item/shortbow_pulling_2"
        }
    ]
}