{
"overrides": [
    {
        "predicate": {
            "name": "/(?i)(.)*broadsword(.)*/"
        },
        "model": "item/diamond_broadsword"
    },
    {
        "predicate": {
            "name": "/(?i)(.)*club(.)*/"
        },
        "model": "item/diamond_club"
    },
    {
        "predicate": {
            "name": "/(?i)(.)*dagger(.)*/"
        },
        "model": "item/diamond_dagger"
    },
    {
        "predicate": {
            "name": "/(?i)(.)*falchion(.)*/"
        },
        "model": "item/diamond_falchion"
    },
    {
        "predicate": {
            "name": "/(?i)(.)*flamberge(.)*/"
        },
        "model": "item/diamond_flamberge"
    },
    {
        "predicate": {
            "name": "/(?i)(.)*hammer(.)*/"
        },
        "model": "item/diamond_hammer"
    },
    {
        "predicate": {
            "name": "/(?i)(.)*kama(.)*/"
        },
        "model": "item/diamond_kama"
    },
    {
        "predicate": {
            "name": "/(?i)(.)*pitchfork(.)*/"
        },
        "model": "item/diamond_pitchfork"
    },
    {
        "predicate": {
            "name": "/(?i)(.)*rapier(.)*/"
        },
        "model": "item/diamond_rapier"
    },
    {
        "predicate": {
            "name": "/(?i)(.)*scythe(.)*/"
        },
        "model": "item/diamond_scythe"
    },
    {
        "predicate": {
            "name": "/(?i)(.)*shortsword(.)*/"
        },
        "model": "item/diamond_shortsword"
    },
    {
        "predicate": {
            "name": "/(?i)(.)*sickle(.)*/"
        },
        "model": "item/diamond_sickle"
    },
    {
        "predicate": {
            "name": "/(?i)(.)*spear(.)*/"
        },
        "model": "item/diamond_spear"
    }
]
}