{
"overrides": [
    {
        "predicate": {
            "name": "/(?i)(.)*broadsword(.)*/"
        },
        "model": "item/gold_broadsword"
    },
    {
        "predicate": {
            "name": "/(?i)(.)*club(.)*/"
        },
        "model": "item/gold_club"
    },
    {
        "predicate": {
            "name": "/(?i)(.)*dagger(.)*/"
        },
        "model": "item/gold_dagger"
    },
    {
        "predicate": {
            "name": "/(?i)(.)*falchion(.)*/"
        },
        "model": "item/gold_falchion"
    },
    {
        "predicate": {
            "name": "/(?i)(.)*flamberge(.)*/"
        },
        "model": "item/gold_flamberge"
    },
    {
        "predicate": {
            "name": "/(?i)(.)*hammer(.)*/"
        },
        "model": "item/gold_hammer"
    },
    {
        "predicate": {
            "name": "/(?i)(.)*kama(.)*/"
        },
        "model": "item/gold_kama"
    },
    {
        "predicate": {
            "name": "/(?i)(.)*pitchfork(.)*/"
        },
        "model": "item/gold_pitchfork"
    },
    {
        "predicate": {
            "name": "/(?i)(.)*rapier(.)*/"
        },
        "model": "item/gold_rapier"
    },
    {
        "predicate": {
            "name": "/(?i)(.)*scythe(.)*/"
        },
        "model": "item/gold_scythe"
    },
    {
        "predicate": {
            "name": "/(?i)(.)*shortsword(.)*/"
        },
        "model": "item/gold_shortsword"
    },
    {
        "predicate": {
            "name": "/(?i)(.)*sickle(.)*/"
        },
        "model": "item/gold_sickle"
    },
    {
        "predicate": {
            "name": "/(?i)(.)*spear(.)*/"
        },
        "model": "item/gold_spear"
    }
]
}