{
"overrides": [
    {
        "predicate": {
            "name": "/(?i)(.)*broadsword(.)*/"
        },
        "model": "item/iron_broadsword"
    },
    {
        "predicate": {
            "name": "/(?i)(.)*club(.)*/"
        },
        "model": "item/iron_club"
    },
    {
        "predicate": {
            "name": "/(?i)(.)*dagger(.)*/"
        },
        "model": "item/iron_dagger"
    },
    {
        "predicate": {
            "name": "/(?i)(.)*falchion(.)*/"
        },
        "model": "item/iron_falchion"
    },
    {
        "predicate": {
            "name": "/(?i)(.)*flamberge(.)*/"
        },
        "model": "item/iron_flamberge"
    },
    {
        "predicate": {
            "name": "/(?i)(.)*hammer(.)*/"
        },
        "model": "item/iron_hammer"
    },
    {
        "predicate": {
            "name": "/(?i)(.)*kama(.)*/"
        },
        "model": "item/iron_kama"
    },
    {
        "predicate": {
            "name": "/(?i)(.)*pitchfork(.)*/"
        },
        "model": "item/iron_pitchfork"
    },
    {
        "predicate": {
            "name": "/(?i)(.)*rapier(.)*/"
        },
        "model": "item/iron_rapier"
    },
    {
        "predicate": {
            "name": "/(?i)(.)*scythe(.)*/"
        },
        "model": "item/iron_scythe"
    },
    {
        "predicate": {
            "name": "/(?i)(.)*shortsword(.)*/"
        },
        "model": "item/iron_shortsword"
    },
    {
        "predicate": {
            "name": "/(?i)(.)*sickle(.)*/"
        },
        "model": "item/iron_sickle"
    },
    {
        "predicate": {
            "name": "/(?i)(.)*spear(.)*/"
        },
        "model": "item/iron_spear"
    }
]
}