{
"overrides": [
    {
        "predicate": {
            "name": "/(?i)(.)*broadsword(.)*/"
        },
        "model": "item/stone_broadsword"
    },
    {
        "predicate": {
            "name": "/(?i)(.)*club(.)*/"
        },
        "model": "item/stone_club"
    },
    {
        "predicate": {
            "name": "/(?i)(.)*dagger(.)*/"
        },
        "model": "item/stone_dagger"
    },
    {
        "predicate": {
            "name": "/(?i)(.)*falchion(.)*/"
        },
        "model": "item/stone_falchion"
    },
    {
        "predicate": {
            "name": "/(?i)(.)*flamberge(.)*/"
        },
        "model": "item/stone_flamberge"
    },
    {
        "predicate": {
            "name": "/(?i)(.)*hammer(.)*/"
        },
        "model": "item/stone_hammer"
    },
    {
        "predicate": {
            "name": "/(?i)(.)*kama(.)*/"
        },
        "model": "item/stone_kama"
    },
    {
        "predicate": {
            "name": "/(?i)(.)*pitchfork(.)*/"
        },
        "model": "item/stone_pitchfork"
    },
    {
        "predicate": {
            "name": "/(?i)(.)*rapier(.)*/"
        },
        "model": "item/stone_rapier"
    },
    {
        "predicate": {
            "name": "/(?i)(.)*scythe(.)*/"
        },
        "model": "item/stone_scythe"
    },
    {
        "predicate": {
            "name": "/(?i)(.)*shortsword(.)*/"
        },
        "model": "item/stone_shortsword"
    },
    {
        "predicate": {
            "name": "/(?i)(.)*sickle(.)*/"
        },
        "model": "item/stone_sickle"
    },
    {
        "predicate": {
            "name": "/(?i)(.)*spear(.)*/"
        },
        "model": "item/stone_spear"
    }
]
}