{
"overrides": [
    {
        "predicate": {
            "name": "/(?i)(.)*broadsword(.)*/"
        },
        "model": "item/wooden_broadsword"
    },
    {
        "predicate": {
            "name": "/(?i)(.)*club(.)*/"
        },
        "model": "item/wooden_club"
    },
    {
        "predicate": {
            "name": "/(?i)(.)*dagger(.)*/"
        },
        "model": "item/wooden_dagger"
    },
    {
        "predicate": {
            "name": "/(?i)(.)*falchion(.)*/"
        },
        "model": "item/wooden_falchion"
    },
    {
        "predicate": {
            "name": "/(?i)(.)*flamberge(.)*/"
        },
        "model": "item/wooden_flamberge"
    },
    {
        "predicate": {
            "name": "/(?i)(.)*hammer(.)*/"
        },
        "model": "item/wooden_hammer"
    },
    {
        "predicate": {
            "name": "/(?i)(.)*kama(.)*/"
        },
        "model": "item/wooden_kama"
    },
    {
        "predicate": {
            "name": "/(?i)(.)*pitchfork(.)*/"
        },
        "model": "item/wooden_pitchfork"
    },
    {
        "predicate": {
            "name": "/(?i)(.)*rapier(.)*/"
        },
        "model": "item/wooden_rapier"
    },
    {
        "predicate": {
            "name": "/(?i)(.)*scythe(.)*/"
        },
        "model": "item/wooden_scythe"
    },
    {
        "predicate": {
            "name": "/(?i)(.)*shortsword(.)*/"
        },
        "model": "item/wooden_shortsword"
    },
    {
        "predicate": {
            "name": "/(?i)(.)*sickle(.)*/"
        },
        "model": "item/wooden_sickle"
    },
    {
        "predicate": {
            "name": "/(?i)(.)*spear(.)*/"
        },
        "model": "item/wooden_spear"
    }
]
}