{
    "parent": "item/handheld",
    "textures": {
        "layer0": "item/bow"
    },
    "display": {
        "thirdperson_righthand": {
            "rotation": [
                -80,
                260,
                -40
            ],
            "translation": [
                -1,
                -2,
                2.5
            ],
            "scale": [
                0.9,
                0.9,
                0.9
            ]
        },
        "thirdperson_lefthand": {
            "rotation": [
                -80,
                -280,
                40
            ],
            "translation": [
                -1,
                -2,
                2.5
            ],
            "scale": [
                0.9,
                0.9,
                0.9
            ]
        },
        "firstperson_righthand": {
            "rotation": [
                0,
                -90,
                25
            ],
            "translation": [
                1.13,
                3.2,
                1.13
            ],
            "scale": [
                0.68,
                0.68,
                0.68
            ]
        },
        "firstperson_lefthand": {
            "rotation": [
                0,
                90,
                -25
            ],
            "translation": [
                1.13,
                3.2,
                1.13
            ],
            "scale": [
                0.68,
                0.68,
                0.68
            ]
        }
    },
    "overrides": [
        {
            "predicate": {
                "pulling": 1
            },
            "model": "item/bow_pulling_0"
        },
        {
            "predicate": {
                "pulling": 1,
                "pull": 0.65
            },
            "model": "item/bow_pulling_1"
        },
        {
            "predicate": {
                "pulling": 1,
                "pull": 0.9
            },
            "model": "item/bow_pulling_2"
        },
        {
            "predicate": {
                "damaged": 1,
                "damage": 0.5,
                "pulling": 0
            },
            "model": "item/bow/bow_02"
        },
        {
            "predicate": {
                "damaged": 1,
                "damage": 0.8
            },
            "model": "item/bow/bow_03"
        },
        {
            "predicate": {
                "damaged": 1,
                "damage": 0.9
            },
            "model": "item/bow/bow_04"
        },
        {
            "predicate": {
                "damaged": 1,
                "damage": 0.5,
                "pulling": 1
            },
            "model": "item/bow_pulling_0/bow_pulling_0_02"
        },
        {
            "predicate": {
                "damaged": 1,
                "damage": 0.5,
                "pulling": 1,
                "pull": 0.65
            },
            "model": "item/bow_pulling_1/bow_pulling_1_02"
        },
        {
            "predicate": {
                "damaged": 1,
                "damage": 0.5,
                "pulling": 1,
                "pull": 0.9
            },
            "model": "item/bow_pulling_2/bow_pulling_2_02"
        },
        {
            "predicate": {
                "damaged": 1,
                "damage": 0.8,
                "pulling": 1
            },
            "model": "item/bow_pulling_0/bow_pulling_0_03"
        },
        {
            "predicate": {
                "damaged": 1,
                "damage": 0.8,
                "pulling": 1,
                "pull": 0.65
            },
            "model": "item/bow_pulling_1/bow_pulling_1_03"
        },
        {
            "predicate": {
                "damaged": 1,
                "damage": 0.8,
                "pulling": 1,
                "pull": 0.9
            },
            "model": "item/bow_pulling_2/bow_pulling_2_03"
        },
        {
            "predicate": {
                "damaged": 1,
                "damage": 0.9,
                "pulling": 1
            },
            "model": "item/bow_pulling_0/bow_pulling_0_04"
        },
        {
            "predicate": {
                "damaged": 1,
                "damage": 0.9,
                "pulling": 1,
                "pull": 0.65
            },
            "model": "item/bow_pulling_1/bow_pulling_1_04"
        },
        {
            "predicate": {
                "damaged": 1,
                "damage": 0.9,
                "pulling": 1,
                "pull": 0.9
            },
            "model": "item/bow_pulling_2/bow_pulling_2_04"
        }
    ]
}