{
    "parent": "item/bow",
    "textures": {
        "layer0": "item/bow_pulling_0"
    },
    "overrides": [
        {
            "predicate": {
                "damaged": 1,
                "damage": 0.5
            },
            "model": "item/bow_pulling_0/bow_pulling_0_02"
        },
        {
            "predicate": {
                "damaged": 1,
                "damage": 0.8
            },
            "model": "item/bow_pulling_0/bow_pulling_0_03"
        },
        {
            "predicate": {
                "damaged": 1,
                "damage": 0.9
            },
            "model": "item/bow_pulling_0/bow_pulling_0_04"
        }
    ]
}