{
    "parent": "item/generated",
    "textures": {
        "layer0": "item/flint_and_steel"
    },
    "overrides": [
        {
            "predicate": {
                "damaged": 1,
                "damage": 0.5
            },
            "model": "item/flint_and_steel/flint_and_steel_02"
        },
        {
            "predicate": {
                "damaged": 1,
                "damage": 0.8
            },
            "model": "item/flint_and_steel/flint_and_steel_03"
        },
        {
            "predicate": {
                "damaged": 1,
                "damage": 0.9
            },
            "model": "item/flint_and_steel/flint_and_steel_04"
        }
    ]
}