{
    "parent": "item/handheld",
    "textures": {
        "layer0": "item/iron_hoe"
    },
    "overrides": [
        {
            "predicate": {
                "damaged": 1,
                "damage": 0.5
            },
            "model": "item/iron_hoe/iron_hoe_02"
        },
        {
            "predicate": {
                "damaged": 1,
                "damage": 0.8
            },
            "model": "item/iron_hoe/iron_hoe_03"
        },
        {
            "predicate": {
                "damaged": 1,
                "damage": 0.9
            },
            "model": "item/iron_hoe/iron_hoe_04"
        }
    ]
}