{
    "parent": "item/handheld",
    "textures": {
        "layer0": "item/wooden_axe"
    },
    "overrides": [
        {
            "predicate": {
                "damaged": 1,
                "damage": 0.5
            },
            "model": "item/wooden_axe/wooden_axe_02"
        },
        {
            "predicate": {
                "damaged": 1,
                "damage": 0.8
            },
            "model": "item/wooden_axe/wooden_axe_03"
        },
        {
            "predicate": {
                "damaged": 1,
                "damage": 0.9
            },
            "model": "item/wooden_axe/wooden_axe_04"
        }
    ]
}