{
  "parent": "minecraft:item/generated",
  "overrides": [
    {
      "model": "minecraft:item/iron_boots_quartz_trim",
      "predicate": {
        "trim_type": 0.1
      }
    },
    {
      "model": "lenny:item/iron_boots_ender_pearl_trim",
      "predicate": {
        "trim_type": 0.193701
      }
    },
    {
      "model": "lenny:item/iron_boots_crying_obsidian_trim",
      "predicate": {
        "trim_type": 0.193702
      }
    },
    {
      "model": "lenny:item/iron_boots_echo_shard_trim",
      "predicate": {
        "trim_type": 0.193703
      }
    },
    {
      "model": "lenny:item/iron_boots_prismarine_trim",
      "predicate": {
        "trim_type": 0.193704
      }
    },
    {
      "model": "lenny:item/iron_boots_netherrack_trim",
      "predicate": {
        "trim_type": 0.193705
      }
    },
    {
      "model": "lenny:item/iron_boots_popped_chorus_fruit_trim",
      "predicate": {
        "trim_type": 0.193706
      }
    },
    {
      "model": "lenny:item/iron_boots_netherite_scrap_trim",
      "predicate": {
        "trim_type": 0.193707
      }
    },
    {
      "model": "lenny:item/iron_boots_glowstone_dust_trim",
      "predicate": {
        "trim_type": 0.193708
      }
    },
    {
      "model": "lenny:item/iron_boots_magma_cream_trim",
      "predicate": {
        "trim_type": 0.193709
      }
    },
    {
      "model": "lenny:item/iron_boots_obsidian_trim",
      "predicate": {
        "trim_type": 0.193710
      }
    },
    {
      "model": "minecraft:item/iron_boots_iron_trim",
      "predicate": {
        "trim_type": 0.2
      }
    },
    {
      "model": "minecraft:item/iron_boots_netherite_trim",
      "predicate": {
        "trim_type": 0.3
      }
    },
    {
      "model": "minecraft:item/iron_boots_redstone_trim",
      "predicate": {
        "trim_type": 0.4
      }
    },
    {
      "model": "minecraft:item/iron_boots_copper_trim",
      "predicate": {
        "trim_type": 0.5
      }
    },
    {
      "model": "minecraft:item/iron_boots_gold_trim",
      "predicate": {
        "trim_type": 0.6
      }
    },
    {
      "model": "minecraft:item/iron_boots_emerald_trim",
      "predicate": {
        "trim_type": 0.7
      }
    },
    {
      "model": "minecraft:item/iron_boots_diamond_trim",
      "predicate": {
        "trim_type": 0.8
      }
    },
    {
      "model": "minecraft:item/iron_boots_lapis_trim",
      "predicate": {
        "trim_type": 0.9
      }
    },
    {
      "model": "minecraft:item/iron_boots_amethyst_trim",
      "predicate": {
        "trim_type": 1.0
      }
    }
  ],
  "textures": {
    "layer0": "minecraft:item/iron_boots"
  }
}