{
    "parent": "minecraft:item/handheld",
    "textures": {
        "layer0": "minecraft:item/diamond_axe"
    },
    "overrides": [
        {
            "model": "trimmable_tools:item/diamond_axe_quartz_trim",
            "predicate": {
                "trim_type": 0.1
            }
        },
        {
            "model": "trimmable_tools:item/diamond_axe_ender_pearl_trim",
            "predicate": {
                "trim_type": 0.193701
            }
        },
        {
            "model": "trimmable_tools:item/diamond_axe_crying_obsidian_trim",
            "predicate": {
                "trim_type": 0.193702
            }
        },
        {
            "model": "trimmable_tools:item/diamond_axe_echo_shard_trim",
            "predicate": {
                "trim_type": 0.193703
            }
        },
        {
            "model": "trimmable_tools:item/diamond_axe_prismarine_trim",
            "predicate": {
                "trim_type": 0.193704
            }
        },
        {
            "model": "trimmable_tools:item/diamond_axe_netherrack_trim",
            "predicate": {
                "trim_type": 0.193705
            }
        },
        {
            "model": "trimmable_tools:item/diamond_axe_popped_chorus_fruit_trim",
            "predicate": {
                "trim_type": 0.193706
            }
        },
        {
            "model": "trimmable_tools:item/diamond_axe_netherite_scrap_trim",
            "predicate": {
                "trim_type": 0.193707
            }
        },
        {
            "model": "trimmable_tools:item/diamond_axe_glowstone_dust_trim",
            "predicate": {
                "trim_type": 0.193708
            }
        },
        {
            "model": "trimmable_tools:item/diamond_axe_magma_cream_trim",
            "predicate": {
                "trim_type": 0.193709
            }
        },
        {
            "model": "trimmable_tools:item/diamond_axe_obsidian_trim",
            "predicate": {
                "trim_type": 0.19371
            }
        },
        {
            "model": "trimmable_tools:item/diamond_axe_iron_trim",
            "predicate": {
                "trim_type": 0.2
            }
        },
        {
            "model": "trimmable_tools:item/diamond_axe_netherite_trim",
            "predicate": {
                "trim_type": 0.3
            }
        },
        {
            "model": "trimmable_tools:item/diamond_axe_redstone_trim",
            "predicate": {
                "trim_type": 0.4
            }
        },
        {
            "model": "trimmable_tools:item/diamond_axe_copper_trim",
            "predicate": {
                "trim_type": 0.5
            }
        },
        {
            "model": "trimmable_tools:item/diamond_axe_gold_trim",
            "predicate": {
                "trim_type": 0.6
            }
        },
        {
            "model": "trimmable_tools:item/diamond_axe_emerald_trim",
            "predicate": {
                "trim_type": 0.7
            }
        },
        {
            "model": "trimmable_tools:item/diamond_axe_diamond_darker_trim",
            "predicate": {
                "trim_type": 0.8
            }
        },
        {
            "model": "trimmable_tools:item/diamond_axe_lapis_trim",
            "predicate": {
                "trim_type": 0.9
            }
        },
        {
            "model": "trimmable_tools:item/diamond_axe_amethyst_trim",
            "predicate": {
                "trim_type": 1
            }
        }
    ]
}
