{
    "parent": "minecraft:item/handheld",
    "textures": {
        "layer0": "minecraft:item/iron_shovel"
    },
    "overrides": [
        {
            "model": "trimmable_tools:item/iron_shovel_quartz_trim",
            "predicate": {
                "trim_type": 0.1
            }
        },
        {
            "model": "trimmable_tools:item/iron_shovel_ender_pearl_trim",
            "predicate": {
                "trim_type": 0.193701
            }
        },
        {
            "model": "trimmable_tools:item/iron_shovel_crying_obsidian_trim",
            "predicate": {
                "trim_type": 0.193702
            }
        },
        {
            "model": "trimmable_tools:item/iron_shovel_echo_shard_trim",
            "predicate": {
                "trim_type": 0.193703
            }
        },
        {
            "model": "trimmable_tools:item/iron_shovel_prismarine_trim",
            "predicate": {
                "trim_type": 0.193704
            }
        },
        {
            "model": "trimmable_tools:item/iron_shovel_netherrack_trim",
            "predicate": {
                "trim_type": 0.193705
            }
        },
        {
            "model": "trimmable_tools:item/iron_shovel_popped_chorus_fruit_trim",
            "predicate": {
                "trim_type": 0.193706
            }
        },
        {
            "model": "trimmable_tools:item/iron_shovel_netherite_scrap_trim",
            "predicate": {
                "trim_type": 0.193707
            }
        },
        {
            "model": "trimmable_tools:item/iron_shovel_glowstone_dust_trim",
            "predicate": {
                "trim_type": 0.193708
            }
        },
        {
            "model": "trimmable_tools:item/iron_shovel_magma_cream_trim",
            "predicate": {
                "trim_type": 0.193709
            }
        },
        {
            "model": "trimmable_tools:item/iron_shovel_obsidian_trim",
            "predicate": {
                "trim_type": 0.19371
            }
        },
        {
            "predicate": {
                "trim_type": 0.2
            },
            "model": "trimmable_tools:item/iron_shovel_iron_darker_trim"
        },
        {
            "predicate": {
                "trim_type": 0.3
            },
            "model": "trimmable_tools:item/iron_shovel_netherite_trim"
        },
        {
            "predicate": {
                "trim_type": 0.4
            },
            "model": "trimmable_tools:item/iron_shovel_redstone_trim"
        },
        {
            "predicate": {
                "trim_type": 0.5
            },
            "model": "trimmable_tools:item/iron_shovel_copper_trim"
        },
        {
            "predicate": {
                "trim_type": 0.6
            },
            "model": "trimmable_tools:item/iron_shovel_gold_trim"
        },
        {
            "predicate": {
                "trim_type": 0.7
            },
            "model": "trimmable_tools:item/iron_shovel_emerald_trim"
        },
        {
            "predicate": {
                "trim_type": 0.8
            },
            "model": "trimmable_tools:item/iron_shovel_diamond_trim"
        },
        {
            "predicate": {
                "trim_type": 0.9
            },
            "model": "trimmable_tools:item/iron_shovel_lapis_trim"
        },
        {
            "predicate": {
                "trim_type": 1
            },
            "model": "trimmable_tools:item/iron_shovel_amethyst_trim"
        }
    ]
}
