{
    "parent": "minecraft:item/handheld",
    "textures": {
        "layer0": "minecraft:item/netherite_hoe"
    },
    "overrides": [
        {
            "model": "trimmable_tools:item/netherite_hoe_quartz_trim",
            "predicate": {
                "trim_type": 0.1
            }
        },
        {
            "model": "trimmable_tools:item/netherite_hoe_ender_pearl_trim",
            "predicate": {
                "trim_type": 0.193701
            }
        },
        {
            "model": "trimmable_tools:item/netherite_hoe_crying_obsidian_trim",
            "predicate": {
                "trim_type": 0.193702
            }
        },
        {
            "model": "trimmable_tools:item/netherite_hoe_echo_shard_trim",
            "predicate": {
                "trim_type": 0.193703
            }
        },
        {
            "model": "trimmable_tools:item/netherite_hoe_prismarine_trim",
            "predicate": {
                "trim_type": 0.193704
            }
        },
        {
            "model": "trimmable_tools:item/netherite_hoe_netherrack_trim",
            "predicate": {
                "trim_type": 0.193705
            }
        },
        {
            "model": "trimmable_tools:item/netherite_hoe_popped_chorus_fruit_trim",
            "predicate": {
                "trim_type": 0.193706
            }
        },
        {
            "model": "trimmable_tools:item/netherite_hoe_netherite_scrap_trim",
            "predicate": {
                "trim_type": 0.193707
            }
        },
        {
            "model": "trimmable_tools:item/netherite_hoe_glowstone_dust_trim",
            "predicate": {
                "trim_type": 0.193708
            }
        },
        {
            "model": "trimmable_tools:item/netherite_hoe_magma_cream_trim",
            "predicate": {
                "trim_type": 0.193709
            }
        },
        {
            "model": "trimmable_tools:item/netherite_hoe_obsidian_trim",
            "predicate": {
                "trim_type": 0.19371
            }
        },
        {
            "predicate": {
                "trim_type": 0.2
            },
            "model": "trimmable_tools:item/netherite_hoe_iron_trim"
        },
        {
            "predicate": {
                "trim_type": 0.3
            },
            "model": "trimmable_tools:item/netherite_hoe_netherite_darker_trim"
        },
        {
            "predicate": {
                "trim_type": 0.4
            },
            "model": "trimmable_tools:item/netherite_hoe_redstone_trim"
        },
        {
            "predicate": {
                "trim_type": 0.5
            },
            "model": "trimmable_tools:item/netherite_hoe_copper_trim"
        },
        {
            "predicate": {
                "trim_type": 0.6
            },
            "model": "trimmable_tools:item/netherite_hoe_gold_trim"
        },
        {
            "predicate": {
                "trim_type": 0.7
            },
            "model": "trimmable_tools:item/netherite_hoe_emerald_trim"
        },
        {
            "predicate": {
                "trim_type": 0.8
            },
            "model": "trimmable_tools:item/netherite_hoe_diamond_trim"
        },
        {
            "predicate": {
                "trim_type": 0.9
            },
            "model": "trimmable_tools:item/netherite_hoe_lapis_trim"
        },
        {
            "predicate": {
                "trim_type": 1
            },
            "model": "trimmable_tools:item/netherite_hoe_amethyst_trim"
        }
    ]
}
