{
    "blend": {
        "func": "add",
        "srcrgb": "one",
        "dstrgb": "zero"
    },
    "vertex": "quad",
    "fragment": "ssao",
    "attributes": ["Position"],
    "samplers": [
        {
            "name": "DiffuseSampler"
        },
        {
            "name": "DiffuseDepthSampler"
        }
    ],
    "uniforms": [
        {
            "name": "ProjMat",
            "type": "matrix4x4",
            "count": 16,
            "values": [1.0, 0.0, 0.0, 0.0, 0.0, 1.0, 0.0, 0.0, 0.0, 0.0, 1.0, 0.0, 0.0, 0.0, 0.0, 1.0]
        }
    ]
}